{"cameraMode":{"drawMode":0,"name":"Shaded","section":"Shading Mode"},"sceneLighting":false,"audioPlay":false,"sceneViewState":{"m_AlwaysRefresh":false,"showFog":true,"showSkybox":false,"showFlares":true,"showImageEffects":true,"showParticleSystems":true,"showVisualEffectGraphs":true,"m_FxEnabled":true},"in2DMode":false,"pivot":{"x":0.7623651027679443,"y":-1.1093244552612305,"z":-1.8007245063781739},"rotation":{"x":0.32019418478012087,"y":0.5174775719642639,"z":-0.21708600223064423,"w":0.7632622122764587},"size":2.310112953186035,"orthographic":false}