{"cameraMode":{"drawMode":0,"name":"Shaded","section":"Shading Mode"},"sceneLighting":true,"audioPlay":false,"sceneViewState":{"m_AlwaysRefresh":false,"showFog":true,"showSkybox":true,"showFlares":true,"showImageEffects":true,"showParticleSystems":true,"showVisualEffectGraphs":true,"m_FxEnabled":true},"in2DMode":false,"pivot":{"x":24.473045349121095,"y":19.545150756835939,"z":-5.793739318847656},"rotation":{"x":0.44187262654304507,"y":0.5538639426231384,"z":-0.45045626163482668,"w":0.5432795286178589},"size":2.6024959087371828,"orthographic":false}