{"cameraMode":{"drawMode":0,"name":"Shaded","section":"Shading Mode"},"sceneLighting":true,"audioPlay":false,"sceneViewState":{"m_AlwaysRefresh":false,"showFog":true,"showSkybox":true,"showFlares":true,"showImageEffects":true,"showParticleSystems":true,"showVisualEffectGraphs":true,"m_FxEnabled":true},"in2DMode":false,"pivot":{"x":-658.3990478515625,"y":-2.9862184524536135,"z":160.30043029785157},"rotation":{"x":-0.4204238951206207,"y":-0.22282549738883973,"z":0.10731682181358338,"w":-0.8730005621910095},"size":32.925724029541019,"orthographic":false}