{"cameraMode":{"drawMode":0,"name":"Shaded","section":"Shading Mode"},"sceneLighting":false,"audioPlay":false,"sceneViewState":{"m_AlwaysRefresh":false,"showFog":true,"showSkybox":false,"showFlares":true,"showImageEffects":true,"showParticleSystems":true,"showVisualEffectGraphs":true,"m_FxEnabled":true},"in2DMode":false,"pivot":{"x":0.008872509002685547,"y":8.073137283325196,"z":-0.008872509002685547},"rotation":{"x":-0.12975268065929414,"y":0.7780076265335083,"z":-0.17096500098705293,"w":-0.5904622077941895},"size":10.075368881225586,"orthographic":false}