{"cameraMode":{"drawMode":0,"name":"Shaded","section":"Shading Mode"},"sceneLighting":false,"audioPlay":false,"sceneViewState":{"m_AlwaysRefresh":false,"showFog":true,"showSkybox":false,"showFlares":true,"showImageEffects":true,"showParticleSystems":true,"showVisualEffectGraphs":true,"m_FxEnabled":true},"in2DMode":false,"pivot":{"x":12.714415550231934,"y":-0.7216136455535889,"z":-15.253120422363282},"rotation":{"x":0.4678678512573242,"y":0.5170345306396484,"z":-0.41283923387527468,"w":0.5859545469284058},"size":3.5995519161224367,"orthographic":false}