{"cameraMode":{"drawMode":0,"name":"Shaded","section":"Shading Mode"},"sceneLighting":false,"audioPlay":false,"sceneViewState":{"m_AlwaysRefresh":false,"showFog":true,"showSkybox":false,"showFlares":true,"showImageEffects":true,"showParticleSystems":true,"showVisualEffectGraphs":true,"m_FxEnabled":true},"in2DMode":false,"pivot":{"x":-0.09519925713539124,"y":0.9368922710418701,"z":0.2519666254520416},"rotation":{"x":-0.0025877177249640228,"y":0.9957593083381653,"z":-0.0871613398194313,"w":-0.029582930728793145},"size":1.2741577625274659,"orthographic":false}