{"cameraMode":{"drawMode":0,"name":"Shaded","section":"Shading Mode"},"sceneLighting":false,"audioPlay":false,"sceneViewState":{"m_AlwaysRefresh":false,"showFog":true,"showSkybox":false,"showFlares":true,"showImageEffects":true,"showParticleSystems":true,"showVisualEffectGraphs":true,"m_FxEnabled":true},"in2DMode":false,"pivot":{"x":3.1540143489837648,"y":0.30321988463401797,"z":-0.39305350184440615},"rotation":{"x":-0.1527668684720993,"y":0.8273519277572632,"z":-0.2698730230331421,"w":-0.4683224558830261},"size":2.9660251140594484,"orthographic":false}