{"cameraMode":{"drawMode":0,"name":"Shaded","section":"Shading Mode"},"sceneLighting":false,"audioPlay":false,"sceneViewState":{"m_AlwaysRefresh":false,"showFog":true,"showSkybox":false,"showFlares":true,"showImageEffects":true,"showParticleSystems":true,"showVisualEffectGraphs":true,"m_FxEnabled":true},"in2DMode":false,"pivot":{"x":0.2038004994392395,"y":0.26517432928085329,"z":0.021753668785095216},"rotation":{"x":0.43674713373184206,"y":-0.13406990468502046,"z":0.06600793451070786,"w":0.8870861530303955},"size":2.459156036376953,"orthographic":false}