{"cameraMode":{"drawMode":0,"name":"Shaded","section":"Shading Mode"},"sceneLighting":false,"audioPlay":false,"sceneViewState":{"m_AlwaysRefresh":false,"showFog":true,"showSkybox":false,"showFlares":true,"showImageEffects":true,"showParticleSystems":true,"showVisualEffectGraphs":true,"m_FxEnabled":true},"in2DMode":false,"pivot":{"x":1.6518008708953858,"y":-2.7670178413391115,"z":1.2710514068603516},"rotation":{"x":-0.0890786275267601,"y":-0.9098142385482788,"z":0.2621135115623474,"w":-0.30919793248176577},"size":3.4074654579162599,"orthographic":true}