{"cameraMode":{"drawMode":0,"name":"Shaded","section":"Shading Mode"},"sceneLighting":false,"audioPlay":false,"sceneViewState":{"m_AlwaysRefresh":false,"showFog":true,"showSkybox":false,"showFlares":true,"showImageEffects":true,"showParticleSystems":true,"showVisualEffectGraphs":true,"m_FxEnabled":true},"in2DMode":false,"pivot":{"x":0.15460310876369477,"y":0.5558023452758789,"z":-2.37788462638855},"rotation":{"x":0.0021145332138985397,"y":0.993137538433075,"z":-0.115531325340271,"w":0.018177706748247148},"size":2.5315728187561037,"orthographic":false}