{"cameraMode":{"drawMode":0,"name":"Shaded","section":"Shading Mode"},"sceneLighting":false,"audioPlay":false,"sceneViewState":{"m_AlwaysRefresh":false,"showFog":true,"showSkybox":false,"showFlares":true,"showImageEffects":true,"showParticleSystems":true,"showVisualEffectGraphs":true,"m_FxEnabled":true},"in2DMode":false,"pivot":{"x":-3.5762786865234377e-7,"y":0.6017277836799622,"z":0.25005024671554568},"rotation":{"x":0.14432242512702943,"y":0.7619253396987915,"z":-0.1818666160106659,"w":0.6046305894851685},"size":1.0294617414474488,"orthographic":false}